[{"id": 0, "order_id": 36, "executor_id": 10}, {"id": 1, "order_id": 35, "executor_id": 4}, {"id": 2, "order_id": 35, "executor_id": 21}, {"id": 3, "order_id": 47, "executor_id": 28}, {"id": 4, "order_id": 18, "executor_id": 25}, {"id": 5, "order_id": 22, "executor_id": 25}, {"id": 6, "order_id": 11, "executor_id": 11}, {"id": 7, "order_id": 10, "executor_id": 20}, {"id": 8, "order_id": 18, "executor_id": 12}, {"id": 9, "order_id": 36, "executor_id": 1}, {"id": 10, "order_id": 20, "executor_id": 7}, {"id": 11, "order_id": 43, "executor_id": 8}, {"id": 12, "order_id": 37, "executor_id": 28}, {"id": 13, "order_id": 37, "executor_id": 8}, {"id": 14, "order_id": 24, "executor_id": 1}, {"id": 15, "order_id": 18, "executor_id": 8}, {"id": 16, "order_id": 28, "executor_id": 11}, {"id": 17, "order_id": 23, "executor_id": 25}, {"id": 18, "order_id": 19, "executor_id": 12}, {"id": 19, "order_id": 34, "executor_id": 22}, {"id": 20, "order_id": 18, "executor_id": 20}, {"id": 21, "order_id": 17, "executor_id": 9}, {"id": 22, "order_id": 20, "executor_id": 28}, {"id": 23, "order_id": 1, "executor_id": 4}, {"id": 24, "order_id": 6, "executor_id": 23}, {"id": 25, "order_id": 47, "executor_id": 23}, {"id": 26, "order_id": 29, "executor_id": 22}, {"id": 27, "order_id": 5, "executor_id": 13}, {"id": 28, "order_id": 43, "executor_id": 20}, {"id": 29, "order_id": 33, "executor_id": 19}, {"id": 30, "order_id": 48, "executor_id": 28}, {"id": 31, "order_id": 42, "executor_id": 1}, {"id": 32, "order_id": 41, "executor_id": 10}, {"id": 33, "order_id": 9, "executor_id": 21}, {"id": 34, "order_id": 2, "executor_id": 25}, {"id": 35, "order_id": 25, "executor_id": 28}, {"id": 36, "order_id": 30, "executor_id": 13}, {"id": 37, "order_id": 1, "executor_id": 9}, {"id": 38, "order_id": 47, "executor_id": 21}, {"id": 39, "order_id": 40, "executor_id": 8}, {"id": 40, "order_id": 23, "executor_id": 23}, {"id": 41, "order_id": 18, "executor_id": 20}, {"id": 42, "order_id": 11, "executor_id": 23}, {"id": 43, "order_id": 18, "executor_id": 9}, {"id": 44, "order_id": 38, "executor_id": 11}, {"id": 45, "order_id": 27, "executor_id": 7}, {"id": 46, "order_id": 3, "executor_id": 19}, {"id": 47, "order_id": 13, "executor_id": 13}, {"id": 48, "order_id": 36, "executor_id": 7}, {"id": 49, "order_id": 0, "executor_id": 13}, {"id": 50, "order_id": 33, "executor_id": 28}, {"id": 51, "order_id": 29, "executor_id": 27}, {"id": 52, "order_id": 48, "executor_id": 17}, {"id": 53, "order_id": 33, "executor_id": 22}, {"id": 54, "order_id": 18, "executor_id": 22}, {"id": 55, "order_id": 8, "executor_id": 11}, {"id": 56, "order_id": 8, "executor_id": 7}, {"id": 57, "order_id": 43, "executor_id": 11}, {"id": 58, "order_id": 0, "executor_id": 1}, {"id": 59, "order_id": 45, "executor_id": 28}, {"id": 60, "order_id": 10, "executor_id": 28}, {"id": 61, "order_id": 35, "executor_id": 26}, {"id": 62, "order_id": 25, "executor_id": 28}, {"id": 63, "order_id": 18, "executor_id": 17}, {"id": 64, "order_id": 48, "executor_id": 8}, {"id": 65, "order_id": 40, "executor_id": 17}, {"id": 66, "order_id": 47, "executor_id": 19}, {"id": 67, "order_id": 13, "executor_id": 11}, {"id": 68, "order_id": 46, "executor_id": 27}, {"id": 69, "order_id": 45, "executor_id": 28}]